{
    "model": "RandomForest",
    "r2_score_mean": 0.8958625616467275,
    "r2_score_std": 0.02177573329048406,
    "rmse_usd_mean": 131200.1047327156,
    "rmse_usd_std": 20013.98706030227
}