{
    "r2_score": 0.8764506039294263,
    "rmse_usd": 152468.91378006228
}